Workbook

Sheet Dashboard
B1: Andina Snacks · Dashboard de ventas 2025 | N1: =IF($C$4="Todas","*",$C$4) -> *
B2: Empresa ficticia con datos simulados, creados para portafolio. Cifras en pesos colombianos (COP).
B4: Filtrar por región: | C4: Todas | D4: ← elige una región en la lista
B6: VENTAS 2025 | C6: CRECIMIENTO VS 2024 | D6: UNIDADES 2025 | E6: PRECIO PROMEDIO | G6: VAR. PRECIO VS 2024 | H6: VAR. UNIDADES VS 2024 | I6: PESO TIENDA TRADICIONAL | J6: PESO E-COMMERCE
B7: =SUMIFS(Datos!$H$2:$H$2401,Datos!$A$2:$A$2401,2025,Datos!$E$2:$E$2401,$N$1) -> 5008266280 | C7: =IFERROR(SUMIFS(Datos!$H$2:$H$2401,Datos!$A$2:$A$2401,2025,Datos!$E$2:$E$2401,$N$1)/SUMIFS(Datos!$H$2:$H$2401,Datos!$A$2:$A$2401,2024,Datos!$E$2:$E$2401,$N$1)-1,0) -> 0.12361125 | D7: =SUMIFS(Datos!$F$2:$F$2401,Datos!$A$2:$A$2401,2025,Datos!$E$2:$E$2401,$N$1) -> 1828527 | E7: =IFERROR(SUMIFS(Datos!$H$2:$H$2401,Datos!$A$2:$A$2401,2025,Datos!$E$2:$E$2401,$N$1)/SUMIFS(Datos!$F$2:$F$2401,Datos!$A$2:$A$2401,2025,Datos!$E$2:$E$2401,$N$1),0) -> 2738.9622 | G7: =IFERROR(E7/(SUMIFS(Datos!$H$2:$H$2401,Datos!$A$2:$A$2401,2024,Datos!$E$2:$E$2401,$N$1)/SUMIFS(Datos!$F$2:$F$2401,Datos!$A$2:$A$2401,2024,Datos!$E$2:$E$2401,$N$1))-1,0) -> 0.076749636 | H7: =IFERROR(SUMIFS(Datos!$F$2:$F$2401,Datos!$A$2:$A$2401,2025,Datos!$E$2:$E$2401,$N$1)/SUMIFS(Datos!$F$2:$F$2401,Datos!$A$2:$A$2401,2024,Datos!$E$2:$E$2401,$N$1)-1,0) -> 0.04352136 | I7: =IFERROR(SUMIFS(Datos!$H$2:$H$2401,Datos!$A$2:$A$2401,2025,Datos!$E$2:$E$2401,$N$1,Datos!$D$2:$D$2401,"Tienda tradicional")/SUMIFS(Datos!$H$2:$H$2401,Datos!$A$2:$A$2401,2025,Datos!$E$2:$E$2401,$N$1),0) -> 0.49603754 | J7: =IFERROR(SUMIFS(Datos!$H$2:$H$2401,Datos!$A$2:$A$2401,2025,Datos!$E$2:$E$2401,$N$1,Datos!$D$2:$D$2401,"E-commerce")/SUMIFS(Datos!$H$2:$H$2401,Datos!$A$2:$A$2401,2025,Datos!$E$2:$E$2401,$N$1),0) -> 0.071978888
B9: Ventas en millones (M) de pesos; unidades en miles (K).
B11: Ventas mensuales (millones COP) | G11: Ventas por canal (millones COP)
B12: Mes | C12: 2024 | D12: 2025 | E12: Var. % | G12: Canal | H12: 2024 | I12: 2025 | J12: Var. %
B13: Ene | C13: =SUMIFS(Datos!$H$2:$H$2401,Datos!$A$2:$A$2401,2024,Datos!$E$2:$E$2401,$N$1,Datos!$B$2:$B$2401,1)/1000000 -> 361.5232 | D13: =SUMIFS(Datos!$H$2:$H$2401,Datos!$A$2:$A$2401,2025,Datos!$E$2:$E$2401,$N$1,Datos!$B$2:$B$2401,1)/1000000 -> 405.09563 | E13: =IFERROR(D13/C13-1,0) -> 0.12052457 | G13: Tienda tradicional | H13: =SUMIFS(Datos!$H$2:$H$2401,Datos!$A$2:$A$2401,2024,Datos!$E$2:$E$2401,$N$1,Datos!$D$2:$D$2401,$G13)/1000000 -> 2352.2898 | I13: =SUMIFS(Datos!$H$2:$H$2401,Datos!$A$2:$A$2401,2025,Datos!$E$2:$E$2401,$N$1,Datos!$D$2:$D$2401,$G13)/1000000 -> 2484.2881 | J13: =IFERROR(I13/H13-1,0) -> 0.056114816
B14: Feb | C14: =SUMIFS(Datos!$H$2:$H$2401,Datos!$A$2:$A$2401,2024,Datos!$E$2:$E$2401,$N$1,Datos!$B$2:$B$2401,2)/1000000 -> 317.76894 | D14: =SUMIFS(Datos!$H$2:$H$2401,Datos!$A$2:$A$2401,2025,Datos!$E$2:$E$2401,$N$1,Datos!$B$2:$B$2401,2)/1000000 -> 354.23 | E14: =IFERROR(D14/C14-1,0) -> 0.11474079 | G14: Supermercados | H14: =SUMIFS(Datos!$H$2:$H$2401,Datos!$A$2:$A$2401,2024,Datos!$E$2:$E$2401,$N$1,Datos!$D$2:$D$2401,$G14)/1000000 -> 1177.7008 | I14: =SUMIFS(Datos!$H$2:$H$2401,Datos!$A$2:$A$2401,2025,Datos!$E$2:$E$2401,$N$1,Datos!$D$2:$D$2401,$G14)/1000000 -> 1341.5302 | J14: =IFERROR(I14/H14-1,0) -> 0.13910948
B15: Mar | C15: =SUMIFS(Datos!$H$2:$H$2401,Datos!$A$2:$A$2401,2024,Datos!$E$2:$E$2401,$N$1,Datos!$B$2:$B$2401,3)/1000000 -> 341.66088 | D15: =SUMIFS(Datos!$H$2:$H$2401,Datos!$A$2:$A$2401,2025,Datos!$E$2:$E$2401,$N$1,Datos!$B$2:$B$2401,3)/1000000 -> 383.15962 | E15: =IFERROR(D15/C15-1,0) -> 0.12146178 | G15: Droguerías y conveniencia | H15: =SUMIFS(Datos!$H$2:$H$2401,Datos!$A$2:$A$2401,2024,Datos!$E$2:$E$2401,$N$1,Datos!$D$2:$D$2401,$G15)/1000000 -> 681.12492 | I15: =SUMIFS(Datos!$H$2:$H$2401,Datos!$A$2:$A$2401,2025,Datos!$E$2:$E$2401,$N$1,Datos!$D$2:$D$2401,$G15)/1000000 -> 821.95854 | J15: =IFERROR(I15/H15-1,0) -> 0.20676621
B16: Abr | C16: =SUMIFS(Datos!$H$2:$H$2401,Datos!$A$2:$A$2401,2024,Datos!$E$2:$E$2401,$N$1,Datos!$B$2:$B$2401,4)/1000000 -> 350.65114 | D16: =SUMIFS(Datos!$H$2:$H$2401,Datos!$A$2:$A$2401,2025,Datos!$E$2:$E$2401,$N$1,Datos!$B$2:$B$2401,4)/1000000 -> 396.99221 | E16: =IFERROR(D16/C16-1,0) -> 0.13215719 | G16: E-commerce | H16: =SUMIFS(Datos!$H$2:$H$2401,Datos!$A$2:$A$2401,2024,Datos!$E$2:$E$2401,$N$1,Datos!$D$2:$D$2401,$G16)/1000000 -> 246.17899 | I16: =SUMIFS(Datos!$H$2:$H$2401,Datos!$A$2:$A$2401,2025,Datos!$E$2:$E$2401,$N$1,Datos!$D$2:$D$2401,$G16)/1000000 -> 360.48944 | J16: =IFERROR(I16/H16-1,0) -> 0.46433877
B17: May | C17: =SUMIFS(Datos!$H$2:$H$2401,Datos!$A$2:$A$2401,2024,Datos!$E$2:$E$2401,$N$1,Datos!$B$2:$B$2401,5)/1000000 -> 361.24094 | D17: =SUMIFS(Datos!$H$2:$H$2401,Datos!$A$2:$A$2401,2025,Datos!$E$2:$E$2401,$N$1,Datos!$B$2:$B$2401,5)/1000000 -> 404.62876 | E17: =IFERROR(D17/C17-1,0) -> 0.1201077
B18: Jun | C18: =SUMIFS(Datos!$H$2:$H$2401,Datos!$A$2:$A$2401,2024,Datos!$E$2:$E$2401,$N$1,Datos!$B$2:$B$2401,6)/1000000 -> 393.94244 | D18: =SUMIFS(Datos!$H$2:$H$2401,Datos!$A$2:$A$2401,2025,Datos!$E$2:$E$2401,$N$1,Datos!$B$2:$B$2401,6)/1000000 -> 447.28681 | E18: =IFERROR(D18/C18-1,0) -> 0.13541158
B19: Jul | C19: =SUMIFS(Datos!$H$2:$H$2401,Datos!$A$2:$A$2401,2024,Datos!$E$2:$E$2401,$N$1,Datos!$B$2:$B$2401,7)/1000000 -> 404.97149 | D19: =SUMIFS(Datos!$H$2:$H$2401,Datos!$A$2:$A$2401,2025,Datos!$E$2:$E$2401,$N$1,Datos!$B$2:$B$2401,7)/1000000 -> 458.05156 | E19: =IFERROR(D19/C19-1,0) -> 0.13107113 | G19: Marcas: ventas y participación 2025
B20: Ago | C20: =SUMIFS(Datos!$H$2:$H$2401,Datos!$A$2:$A$2401,2024,Datos!$E$2:$E$2401,$N$1,Datos!$B$2:$B$2401,8)/1000000 -> 369.17061 | D20: =SUMIFS(Datos!$H$2:$H$2401,Datos!$A$2:$A$2401,2025,Datos!$E$2:$E$2401,$N$1,Datos!$B$2:$B$2401,8)/1000000 -> 409.24768 | E20: =IFERROR(D20/C20-1,0) -> 0.10855975 | G20: Marca | H20: Ventas 2025 (M) | I20: Participación | J20: Var. %
B21: Sep | C21: =SUMIFS(Datos!$H$2:$H$2401,Datos!$A$2:$A$2401,2024,Datos!$E$2:$E$2401,$N$1,Datos!$B$2:$B$2401,9)/1000000 -> 349.96234 | D21: =SUMIFS(Datos!$H$2:$H$2401,Datos!$A$2:$A$2401,2025,Datos!$E$2:$E$2401,$N$1,Datos!$B$2:$B$2401,9)/1000000 -> 398.75602 | E21: =IFERROR(D21/C21-1,0) -> 0.13942552 | G21: Kroki | H21: =SUMIFS(Datos!$H$2:$H$2401,Datos!$A$2:$A$2401,2025,Datos!$E$2:$E$2401,$N$1,Datos!$C$2:$C$2401,$G21)/1000000 -> 1761.3518 | I21: =IFERROR(H21/SUM($H$21:$H$25),0) -> 0.35168893 | J21: =IFERROR(H21/(SUMIFS(Datos!$H$2:$H$2401,Datos!$A$2:$A$2401,2024,Datos!$E$2:$E$2401,$N$1,Datos!$C$2:$C$2401,$G21)/1000000)-1,0) -> 0.11223467
B22: Oct | C22: =SUMIFS(Datos!$H$2:$H$2401,Datos!$A$2:$A$2401,2024,Datos!$E$2:$E$2401,$N$1,Datos!$B$2:$B$2401,10)/1000000 -> 355.30133 | D22: =SUMIFS(Datos!$H$2:$H$2401,Datos!$A$2:$A$2401,2025,Datos!$E$2:$E$2401,$N$1,Datos!$B$2:$B$2401,10)/1000000 -> 406.21188 | E22: =IFERROR(D22/C22-1,0) -> 0.14328837 | G22: Doralín | H22: =SUMIFS(Datos!$H$2:$H$2401,Datos!$A$2:$A$2401,2025,Datos!$E$2:$E$2401,$N$1,Datos!$C$2:$C$2401,$G22)/1000000 -> 795.66372 | I22: =IFERROR(H22/SUM($H$21:$H$25),0) -> 0.15887009 | J22: =IFERROR(H22/(SUMIFS(Datos!$H$2:$H$2401,Datos!$A$2:$A$2401,2024,Datos!$E$2:$E$2401,$N$1,Datos!$C$2:$C$2401,$G22)/1000000)-1,0) -> -0.089776611
B23: Nov | C23: =SUMIFS(Datos!$H$2:$H$2401,Datos!$A$2:$A$2401,2024,Datos!$E$2:$E$2401,$N$1,Datos!$B$2:$B$2401,11)/1000000 -> 385.14067 | D23: =SUMIFS(Datos!$H$2:$H$2401,Datos!$A$2:$A$2401,2025,Datos!$E$2:$E$2401,$N$1,Datos!$B$2:$B$2401,11)/1000000 -> 429.845 | E23: =IFERROR(D23/C23-1,0) -> 0.11607273 | G23: Tostadita | H23: =SUMIFS(Datos!$H$2:$H$2401,Datos!$A$2:$A$2401,2025,Datos!$E$2:$E$2401,$N$1,Datos!$C$2:$C$2401,$G23)/1000000 -> 809.01029 | I23: =IFERROR(H23/SUM($H$21:$H$25),0) -> 0.161535 | J23: =IFERROR(H23/(SUMIFS(Datos!$H$2:$H$2401,Datos!$A$2:$A$2401,2024,Datos!$E$2:$E$2401,$N$1,Datos!$C$2:$C$2401,$G23)/1000000)-1,0) -> 0.14929791
B24: Dic | C24: =SUMIFS(Datos!$H$2:$H$2401,Datos!$A$2:$A$2401,2024,Datos!$E$2:$E$2401,$N$1,Datos!$B$2:$B$2401,12)/1000000 -> 465.96057 | D24: =SUMIFS(Datos!$H$2:$H$2401,Datos!$A$2:$A$2401,2025,Datos!$E$2:$E$2401,$N$1,Datos!$B$2:$B$2401,12)/1000000 -> 514.76111 | E24: =IFERROR(D24/C24-1,0) -> 0.10473105 | G24: Nativa | H24: =SUMIFS(Datos!$H$2:$H$2401,Datos!$A$2:$A$2401,2025,Datos!$E$2:$E$2401,$N$1,Datos!$C$2:$C$2401,$G24)/1000000 -> 1005.7369 | I24: =IFERROR(H24/SUM($H$21:$H$25),0) -> 0.20081537 | J24: =IFERROR(H24/(SUMIFS(Datos!$H$2:$H$2401,Datos!$A$2:$A$2401,2024,Datos!$E$2:$E$2401,$N$1,Datos!$C$2:$C$2401,$G24)/1000000)-1,0) -> 0.41392483
G25: Vértice | H25: =SUMIFS(Datos!$H$2:$H$2401,Datos!$A$2:$A$2401,2025,Datos!$E$2:$E$2401,$N$1,Datos!$C$2:$C$2401,$G25)/1000000 -> 636.50361 | I25: =IFERROR(H25/SUM($H$21:$H$25),0) -> 0.12709061 | J25: =IFERROR(H25/(SUMIFS(Datos!$H$2:$H$2401,Datos!$A$2:$A$2401,2024,Datos!$E$2:$E$2401,$N$1,Datos!$C$2:$C$2401,$G25)/1000000)-1,0) -> 0.089320376
B27: Ventas por región (millones COP, total nacional) | G27: Hallazgos clave (total nacional)
B28: Región | C28: 2024 | D28: 2025 | E28: Var. % | G28: 1. Las ventas crecieron +12,4% frente a 2024: el precio aportó más (+7,7%) que el volumen (+4,4%).
B29: Bogotá | C29: =SUMIFS(Datos!$H$2:$H$2401,Datos!$A$2:$A$2401,2024,Datos!$E$2:$E$2401,$B29)/1000000 -> 1422.6606 | D29: =SUMIFS(Datos!$H$2:$H$2401,Datos!$A$2:$A$2401,2025,Datos!$E$2:$E$2401,$B29)/1000000 -> 1604.8635 | E29: =IFERROR(D29/C29-1,0) -> 0.12807193 | G29: 2. E-commerce es el canal de mayor crecimiento (+46,4%), aunque aún pesa poco en el total.
B30: Antioquia | C30: =SUMIFS(Datos!$H$2:$H$2401,Datos!$A$2:$A$2401,2024,Datos!$E$2:$E$2401,$B30)/1000000 -> 894.63332 | D30: =SUMIFS(Datos!$H$2:$H$2401,Datos!$A$2:$A$2401,2025,Datos!$E$2:$E$2401,$B30)/1000000 -> 1000.5415 | E30: =IFERROR(D30/C30-1,0) -> 0.11838171 | G30: 3. La tienda tradicional sigue siendo el canal principal (49,6% de las ventas), pero es el que menos crece (+5,6%).
B31: Valle del Cauca | C31: =SUMIFS(Datos!$H$2:$H$2401,Datos!$A$2:$A$2401,2024,Datos!$E$2:$E$2401,$B31)/1000000 -> 706.6918 | D31: =SUMIFS(Datos!$H$2:$H$2401,Datos!$A$2:$A$2401,2025,Datos!$E$2:$E$2401,$B31)/1000000 -> 803.40049 | E31: =IFERROR(D31/C31-1,0) -> 0.13684705 | G31: 4. Nativa, la marca saludable, es la de mayor crecimiento (+41,4%) y gana 4,1 puntos de participación.
B32: Caribe | C32: =SUMIFS(Datos!$H$2:$H$2401,Datos!$A$2:$A$2401,2024,Datos!$E$2:$E$2401,$B32)/1000000 -> 852.71594 | D32: =SUMIFS(Datos!$H$2:$H$2401,Datos!$A$2:$A$2401,2025,Datos!$E$2:$E$2401,$B32)/1000000 -> 946.17856 | E32: =IFERROR(D32/C32-1,0) -> 0.10960581 | G32: 5. Doralín es la marca más débil (-9,0%) y pierde 3,7 puntos: conviene revisar su precio, surtido y visibilidad.
B33: Eje Cafetero | C33: =SUMIFS(Datos!$H$2:$H$2401,Datos!$A$2:$A$2401,2024,Datos!$E$2:$E$2401,$B33)/1000000 -> 580.59288 | D33: =SUMIFS(Datos!$H$2:$H$2401,Datos!$A$2:$A$2401,2025,Datos!$E$2:$E$2401,$B33)/1000000 -> 653.28219 | E33: =IFERROR(D33/C33-1,0) -> 0.12519842 | G33: 6. Diciembre es el mes pico: vende +23,3% más que el promedio mensual; junio y julio también suben por vacaciones.

Sheet Datos
A1: Año | B1: Mes | C1: Marca | D1: Canal | E1: Región | F1: Unidades | G1: Precio promedio (COP) | H1: Ventas (COP)
A2: 2024 | B2: 1 | C2: Kroki | D2: Tienda tradicional | E2: Bogotá | F2: 8447 | G2: 2570 | H2: =F2*G2 -> 21708790
A3: 2024 | B3: 1 | C3: Kroki | D3: Tienda tradicional | E3: Antioquia | F3: 5395 | G3: 2620 | H3: =F3*G3 -> 14134900
A4: 2024 | B4: 1 | C4: Kroki | D4: Tienda tradicional | E4: Valle del Cauca | F4: 3754 | G4: 2570 | H4: =F4*G4 -> 9647780
A5: 2024 | B5: 1 | C5: Kroki | D5: Tienda tradicional | E5: Caribe | F5: 4972 | G5: 2590 | H5: =F5*G5 -> 12877480
A6: 2024 | B6: 1 | C6: Kroki | D6: Tienda tradicional | E6: Eje Cafetero | F6: 3377 | G6: 2580 | H6: =F6*G6 -> 8712660
A7: 2024 | B7: 1 | C7: Kroki | D7: Supermercados | E7: Bogotá | F7: 4690 | G7: 2440 | H7: =F7*G7 -> 11443600
A8: 2024 | B8: 1 | C8: Kroki | D8: Supermercados | E8: Antioquia | F8: 2817 | G8: 2450 | H8: =F8*G8 -> 6901650
A9: 2024 | B9: 1 | C9: Kroki | D9: Supermercados | E9: Valle del Cauca | F9: 2299 | G9: 2400 | H9: =F9*G9 -> 5517600
A10: 2024 | B10: 1 | C10: Kroki | D10: Supermercados | E10: Caribe | F10: 2717 | G10: 2390 | H10: =F10*G10 -> 6493630
A11: 2024 | B11: 1 | C11: Kroki | D11: Supermercados | E11: Eje Cafetero | F11: 1905 | G11: 2420 | H11: =F11*G11 -> 4610100
A12: 2024 | B12: 1 | C12: Kroki | D12: Droguerías y conveniencia | E12: Bogotá | F12: 2143 | G12: 2890 | H12: =F12*G12 -> 6193270
A13: 2024 | B13: 1 | C13: Kroki | D13: Droguerías y conveniencia | E13: Antioquia | F13: 1435 | G13: 2910 | H13: =F13*G13 -> 4175850
... A2401: 2025 | B2401: 12 | C2401: Vértice | D2401: E-commerce | E2401: Eje Cafetero | F2401: 228 | G2401: 2650 | H2401: =F2401*G2401 -> 604200

Sheet Notas
A1: Sobre este archivo
A2: Dashboard de portafolio con datos simulados de una empresa ficticia de snacks (Andina Snacks). Ninguna cifra corresponde a una empresa real.
A4: Cómo usarlo
A5: • En la hoja Dashboard, elige una región en la celda amarilla (C4). Los indicadores, la tabla mensual, los canales, las marcas y los gráficos se actualizan.
A6: • La tabla de regiones y los hallazgos muestran siempre el total nacional.
A7: • Todos los cálculos usan fórmulas (SUMIFS) sobre la hoja Datos, así que puedes reemplazar los datos y el dashboard se recalcula.
A9: Estructura de los datos (hoja Datos)
A10: • 2.400 registros mensuales 2024-2025 por marca. canal y región.
A11: • Ventas (COP) = Unidades × Precio promedio.
A13: Herramientas
A14: Excel: SUMIFS, validación de datos, formato condicional de números y gráficos. Datos generados con Python (pandas, numpy).
